[
  {"song_title":"Is It the Answer",
    "song_artist":"Reality Club",
    "song_url": "https://www.youtube.com/watch?v=baWt9Qre2fE",
    "song_genre" : 2,
    "song_tag": 3,
    "song_detail": "4th song"
  },
  {"song_title":"Is2 It the Answer",
    "song_artist":"Reality2 Club",
    "song_url": "https://www.youtube.com/watch?v=baWt9Qre2fE",
    "song_genre" : 1,
    "song_tag": 2,
    "song_detail": "42th song"
  },
    {"song_title":"Is3 It the Answer",
    "song_artist":"Reality3 Club",
    "song_url": "https://www.youtube.com/watch?v=baWt9Qre2fE",
    "song_genre" : 3,
    "song_tag": 1,
    "song_detail": "43th song"
  }
]